{"norbert": [0.35939618479242164, 0.30834787755586085, 0.3317812803316209, 0.29525427903999835, 0.29711067257178847, 0.20948190822293938, 0.2268716159820356, 0.4082134803224923, 0.17977781090857026, 0.25130600629455646, 0.07589986794580285, 0.1841870517141149, 0.2624612262765099, 0.05896257522513447, 0.058054196710905746, 0.2913860873915471, 0.1308249981417578, 0.14666556070247838, 0.046968293119428024, 0.032634507805484714, 0.03480761686378921, 0.0515345923301181, 0.028510314521887074, 0.3138702710197372, 0.09569635605420394, 0.21017685600700503, 0.05603194791163064, 0.08190514783005327, 0.38187508622569505], "norbert2": [0.5564033823468223, 0.3802980933955813, 0.4373519497795693, 0.3381582370367585, 0.33823230870526416, 0.2487485404040866, 0.26374062730572273, 0.46375924426152876, 0.22840706183382345, 0.31969792512889056, 0.08477578688186253, 0.23158783721595966, 0.3741086420076319, 0.06708789995908258, 0.07740359581946465, 0.37076101141273277, 0.11620962562504744, 0.15015436497335238, 0.06751842772976584, 0.0242364327244278, 0.02429731113320067, 0.056973841500587596, 0.0484887135374, 0.4116371152834389, 0.10012760667728135, 0.2497307259706652, 0.055872324199829515, 0.10307209870253109, 0.46574665649646807], "nb-bert": [0.6172099647006734, 0.48605588117733295, 0.5367155312294484, 0.4451788287160879, 0.3874953098888515, 0.3653958784176312, 0.30815821232176077, 0.5681949902390435, 0.2749316707563316, 0.38754147717271925, 0.09157386561596645, 0.2806710111472961, 0.4638284572833998, 0.07755229674810699, 0.031860024870138816, 0.4340086912692692, 0.09840114808041689, 0.1724410412201164, 0.07911470288552722, 0.02748818092700474, 0.022250826031904612, 0.07081122622058511, 0.047764378210193914, 0.5855272337357664, 0.1430773559001688, 0.3117151695235009, 0.06701416281611172, 0.10609392510229225, 0.6120808521806055]}