{"norbert": [0.3333333333333333, 0.18518518518518517, 0.21739130434782608, 0.0, 0.25, 0.0, 0.15384615384615385, 0.4666666666666667, 0.1111111111111111, 0.24, 0.09090909090909091, 0.11764705882352941, 0.0, 0.0, 0.0, 0.25, 0.0, 0.125, 0.023809523809523808, 0.0, 0.0, 0.045454545454545456, 0.0, 0.3076923076923077, 0.14285714285714285, 0.14285714285714285, 0.0, 0.08333333333333333, 0.5], "norbert2": [0.6666666666666666, 0.2962962962962963, 0.4782608695652174, 0.5, 0.5, 0.1111111111111111, 0.23076923076923078, 0.3333333333333333, 0.1388888888888889, 0.32, 0.09090909090909091, 0.23529411764705882, 0.2857142857142857, 0.0625, 0.0, 0.3125, 0.0, 0.25, 0.07142857142857142, 0.0, 0.0, 0.045454545454545456, 0.047619047619047616, 0.38461538461538464, 0.0, 0.21428571428571427, 0.0, 0.08333333333333333, 0.3333333333333333], "nb-bert": [0.8333333333333334, 0.4074074074074074, 0.6086956521739131, 0.5, 0.5, 0.4444444444444444, 0.3076923076923077, 0.6666666666666666, 0.2222222222222222, 0.48, 0.09090909090909091, 0.4117647058823529, 0.42857142857142855, 0.0625, 0.0, 0.5625, 0.0, 0.25, 0.07142857142857142, 0.0, 0.0, 0.045454545454545456, 0.047619047619047616, 0.6923076923076923, 0.2857142857142857, 0.5, 0.0, 0.08333333333333333, 0.8333333333333334]}